"","title","path","like"
"1","胡麻涼拌沙拉","/recipes/158515","219"
"2","泰式涼拌冬粉沙拉","/recipes/158361","1,774"
"3","甜、脆【沙拉涼筍】","/recipes/158183","823"
"4","鳳梨嫩雞沙拉","/recipes/156790","239"
"5","10分鐘做出開胃韓式生菜沙拉 <U+C0C1><U+CD94><U+AC89><U+C808><U+C774>","/recipes/158154","229"
"6","<f0><U+009F><U+0092><U+009F>電鍋料理<f0><U+009F><U+0092><U+009F>清蒸雞肉熱沙拉","/recipes/157914","293"
"7","《野餐料理》馬鈴薯鹹沙拉~大量蔬菜","/recipes/155003","181"
"8","涼拌溫野菜雞絲沙拉","/recipes/157142","319"
"9","日式生菜水果沙拉 （3 人份）","/recipes/156750","437"
"10","〔夏日料理〕鮮蝦酪梨沙拉","/recipes/156745","237"
"11","仲夏輕食。馬鈴薯蛋沙拉。","/recipes/156466","1,493"
"12","香煎牛肉沙拉","/recipes/154974","538"
"13","夏季涼爽健康瘦身食譜~酪梨鮮蝦芒果沙拉","/recipes/156124","295"
"14","涼拌洋<U+8471>鮪魚沙拉","/recipes/155822","4,484"
"15","沙拉涼筍(包含鮮筍處理保存方式)","/recipes/154271","1,275"
"16","馬鈴薯沙拉","/recipes/155181","261"
"17","菊苣沙拉","/recipes/155052","811"
"18","藜麥油醋海鮮沙拉 〔3M龍頭式濾水器〕","/recipes/153639","206"
"19","野菇馬鈴薯沙拉 〔3M龍頭式濾水器〕","/recipes/153637","230"
"20","馬鈴薯沙拉","/recipes/153606","187"
"21","揚唐炸雞和風沙拉-小七野餐趣","/recipes/153077","129"
"22","起司蘋果生菜沙拉【芝司樂高鈣起司】","/recipes/148990","575"
"23","明太子馬鈴薯沙拉","/recipes/151799","254"
"24","繽紛清爽優格罐沙拉","/recipes/150993","134"
"25","草莓輕食沙拉","/recipes/150550","246"
"26","蘋果豬里肌沙拉【全聯24節氣料理】","/recipes/147221","333"
"27","[健康的吃] 溫的沙拉","/recipes/150130","352"
"28","和風堅果海藻沙拉盅_小七野餐趣","/recipes/147897","569"
"29","馬鈴薯雞蛋蔬果沙拉","/recipes/147278","142"
"30","日式和風洋蔥沙拉","/recipes/146808","747"
"31","Mimi<U+2665>雞胸肉沙拉◎電鍋瘦身料理","/recipes/146282","1,489"
"32","鮮蔬雞肉沙拉","/recipes/143451","173"
"33","簡單開胃涼菜! 煙燻鮭魚黃瓜沙拉 ","/recipes/143393","314"
"34","涼筍沙拉(沙拉醬)","/recipes/141907","305"
"35","創意年菜-百果齊放海味沙拉","/recipes/140424","939"
"36","義式生菜沙拉佐油醋醬","/recipes/141114","270"
"37","櫛瓜溫沙拉+HelloKitty蛋糕","/recipes/140249","161"
"38","烤蔬菜溫沙拉+焗烤Baby馬鈴薯","/recipes/140248","488"
"39","一鍋出一桌：青醬義大利麵+溫沙拉+炸魚塊","/recipes/139214","551"
"40","蘋安報喜沙拉盅【全聯料理王大賽】","/recipes/137416","975"
"41","地瓜沙拉<f0><U+009F><U+008D><U+00A0>","/recipes/139511","268"
"42","十分鐘上菜─溫沙拉拌野菜-過貓","/recipes/138745","503"
"43","薯片牛油果鮮蝦沙拉","/recipes/138736","65"
"44","快速上菜溫沙拉─沙茶魷魚","/recipes/137562","1,451"
"45","日式豆腐沙拉","/recipes/134672","1,786"
"46","韓式炸雞麵包沙拉【小七派對美食】","/recipes/134714","296"
"47","香煎雞腿佐生菜沙拉","/recipes/134236","130"
"48","烤雞沙拉","/recipes/133433","263"
