"","title","author","path","date","response"
"1","[商品] 7-11醬料","loosir","/bbs/CVS/M.1380809515.A.F08.html","10/03","1"
"2","[感想] 交貨便的速度","z1976","/bbs/CVS/M.1380812725.A.3A3.html","10/03","7"
"3","[問題] 7-11和全家的宅配都有貨到付款的功能嗎?","GYCHEN1215","/bbs/CVS/M.1380815646.A.1B3.html","10/03",""
"4","Re: [商品] 7-11醬料","skyloafer","/bbs/CVS/M.1380821374.A.865.html","10/04","5"
"5","Re: [問題] 全家Happy go卡","ealleneee91","/bbs/CVS/M.1380874885.A.54C.html","10/04","5"
"6","[問題] 潔衣家寄的時候是好的回來就壞了","TamTamTamTam","/bbs/CVS/M.1380885949.A.FA6.html","10/04","5"
"7","[商品] 全家 期間限定 <U+8FBB>利抹茶紅豆銅鑼燒","chisestar","/bbs/CVS/M.1380898023.A.79A.html","10/04","15"
"8","[問題] 涼感衣還有嗎?","treee","/bbs/CVS/M.1380901846.A.539.html","10/04","1"
"9","[問題] 請問現在可以預換杯墊嗎？","heartwide","/bbs/CVS/M.1380931908.A.DC0.html","10/05","4"
"10","[新聞] 天涼口味變「濃」　咖哩、抹茶搶商機","hoyumi","/bbs/CVS/M.1380933981.A.804.html","10/05","3"
"11","[感想] 阿朗基找茶蓋","happy790702","/bbs/CVS/M.1380952756.A.6E0.html","10/05","7"
"12","[問題] 有跳跳糖的巧克力","crystalalala","/bbs/CVS/M.1380957196.A.CC1.html","10/05","3"
"13","Re: [情報] 7-select 即食冷凍品三件69元","loosir","/bbs/CVS/M.1380968584.A.650.html","10/05","51"
"14","Re: [問題] 大夜班的時薪","vvvccc1d","/bbs/CVS/M.1380968898.A.D12.html","10/05","7"
"15","[問題] 航海王公仔印章雙色筆的印章在哪?","bm061596","/bbs/CVS/M.1380973840.A.40B.html","10/05","8"
"16","[抱怨] 到了新的門市上班","averypango","/bbs/CVS/M.1380981335.A.318.html","10/05","17"
"17","[問題] 全家有回收手機嗎?","AruBan","/bbs/CVS/M.1381016517.A.C9E.html","10/06","2"
"18","[商品] 7-11馬薩拉濃焙咖哩","dustree","/bbs/CVS/M.1381029217.A.5BC.html","10/06","4"
"19","[商品] 711 歐風燉牛肉咖哩","may81130","/bbs/CVS/M.1381035037.A.254.html","10/06","10"
"20","[情報] HI-CARD 現在是萊爾富點數5倍送","ADAH33","/bbs/CVS/M.1381038838.A.F53.html","10/06","1"
